"AID","x","y","TelemDt"
"Z16",711620,9711812,"2007-06-14 00:00:00"
"Z16",714072,9716305,"2007-06-14 12:00:00"
"Z16",713557,9707592,"2007-06-15 00:00:00"
"Z16",713755,9707468,"2007-06-15 12:00:00"
"Z16",714894,9708922,"2007-06-16 00:00:00"
"Z16",716202,9709890,"2007-06-16 12:00:00"
"Z16",716163,9709714,"2007-06-17 00:00:00"
"Z16",716627,9712664,"2007-06-17 12:00:00"
"Z16",716775,9713573,"2007-06-18 00:00:00"
"Z16",712577,9717565,"2007-06-18 12:00:00"
"Z16",711906,9715414,"2007-06-19 00:00:00"
"Z16",709410,9715917,"2007-06-19 12:00:00"
"Z16",709959,9715911,"2007-06-20 00:00:00"
"Z16",708926,9723772,"2007-06-20 12:00:00"
"Z16",717911,9717517,"2007-06-21 00:00:00"
"Z16",718167,9718232,"2007-06-21 12:00:00"
"Z16",717749,9719407,"2007-06-22 00:00:00"
"Z16",709471,9726662,"2007-06-22 12:00:00"
"Z16",712905,9721276,"2007-06-23 00:00:00"
"Z16",711931,9719345,"2007-06-23 12:00:00"
"Z16",711453,9720995,"2007-06-24 00:00:00"
"Z16",710989,9721529,"2007-06-24 12:00:00"
"Z16",712376,9721036,"2007-06-25 00:00:00"
"Z16",712631,9721605,"2007-06-25 12:00:00"
"Z16",713687,9722179,"2007-06-26 00:00:00"
"Z16",711743,9729317,"2007-06-26 12:00:00"
"Z16",712967,9727102,"2007-06-27 00:00:00"
"Z16",714378,9732033,"2007-06-27 12:00:00"
"Z16",712350,9733167,"2007-06-28 00:00:00"
"Z16",713395,9735474,"2007-06-28 12:00:00"
"Z16",716549,9736224,"2007-06-29 00:00:00"
"Z16",717755,9735444,"2007-06-29 12:00:00"
"Z16",718412,9731340,"2007-06-30 00:00:00"
"Z16",720170,9728904,"2007-06-30 12:00:00"
"Z16",721652,9728603,"2007-07-01 00:00:00"
"Z16",719540,9727405,"2007-07-01 12:00:00"
"Z16",720271,9724765,"2007-07-02 00:00:00"
"Z16",721003,9727475,"2007-07-02 12:00:00"
"Z16",727426,9725095,"2007-07-05 00:00:00"
"Z16",725541,9725087,"2007-07-05 12:00:00"
"Z16",727931,9724340,"2007-07-06 00:00:00"
"Z16",728882,9725295,"2007-07-07 00:00:00"
"Z16",728275,9726706,"2007-07-08 00:00:00"
"Z16",730523,9744292,"2007-07-09 12:00:00"
"Z16",730368,9750264,"2007-07-10 00:00:00"
"Z16",733533,9759488,"2007-07-10 12:00:00"
"Z16",736032,9764170,"2007-07-11 00:00:00"
"Z16",737821,9765337,"2007-07-11 12:00:00"
"Z16",739790,9765659,"2007-07-12 00:00:00"
"Z16",740442,9768330,"2007-07-12 12:00:00"
"Z16",739088,9768014,"2007-07-13 00:00:00"
"Z16",740350,9771975,"2007-07-14 00:00:00"
"Z16",740709,9772934,"2007-07-14 12:00:00"
"Z16",740565,9772712,"2007-07-15 00:00:00"
"Z16",738182,9772535,"2007-07-15 12:00:00"
"Z16",736643,9771602,"2007-07-16 00:00:00"
"Z16",738655,9773274,"2007-07-17 00:00:00"
"Z16",741754,9788906,"2007-07-18 12:00:00"
"Z16",739674,9790097,"2007-07-19 00:00:00"
"Z16",742314,9796340,"2007-07-19 12:00:00"
"Z16",739757,9797130,"2007-07-20 12:00:00"
"Z16",739938,9797264,"2007-07-21 00:00:00"
"Z16",739996,9797318,"2007-07-21 12:00:00"
"Z16",739749,9797277,"2007-07-22 00:00:00"
"Z16",740018,9797266,"2007-07-22 12:00:00"
"Z16",739903,9797306,"2007-07-23 00:00:00"
"Z16",738006,9802416,"2007-07-23 12:00:00"
"Z16",738141,9804381,"2007-07-24 00:00:00"
"Z16",737236,9805355,"2007-07-24 12:00:00"
"Z16",737490,9805860,"2007-07-25 00:00:00"
"Z16",737868,9804897,"2007-07-25 12:00:00"
"Z16",738472,9804536,"2007-07-26 00:00:00"
"Z16",737399,9805206,"2007-07-26 12:00:00"
"Z16",738215,9803920,"2007-07-27 00:00:00"
"Z16",737847,9804741,"2007-07-27 12:00:00"
"Z16",736835,9803027,"2007-07-28 00:00:00"
"Z16",734952,9800281,"2007-07-29 00:00:00"
"Z16",733273,9801489,"2007-07-30 00:00:00"
"Z16",733022,9802424,"2007-07-30 12:00:00"
"Z16",732771,9802566,"2007-07-31 00:00:00"
"Z16",733352,9802407,"2007-07-31 12:00:00"
"Z16",734075,9802675,"2007-08-01 00:00:00"
"Z16",734959,9803337,"2007-08-01 12:00:00"
"Z16",735289,9802888,"2007-08-02 00:00:00"
"Z16",737605,9806329,"2007-08-02 12:00:00"
"Z16",739695,9812548,"2007-08-03 00:00:00"
"Z16",739689,9812422,"2007-08-03 12:00:00"
"Z16",739994,9813540,"2007-08-04 00:00:00"
"Z16",736686,9807340,"2007-08-04 12:00:00"
"Z16",736302,9807018,"2007-08-05 00:00:00"
"Z16",736529,9806897,"2007-08-05 12:00:00"
"Z16",736186,9807044,"2007-08-06 00:00:00"
"Z16",736348,9806672,"2007-08-06 12:00:00"
"Z16",736535,9806840,"2007-08-07 00:00:00"
"Z16",736471,9807341,"2007-08-07 12:00:00"
"Z16",736242,9806617,"2007-08-08 00:00:00"
"Z16",736605,9805548,"2007-08-12 00:00:00"
"Z16",736559,9805802,"2007-08-13 00:00:00"
"Z16",737085,9805323,"2007-08-13 12:00:00"
"Z16",736934,9805451,"2007-08-14 00:00:00"
"Z16",737491,9807465,"2007-08-14 12:00:00"
"Z16",736470,9806874,"2007-08-15 00:00:00"
"Z16",735730,9807566,"2007-08-15 12:00:00"
"Z16",737652,9805108,"2007-08-16 00:00:00"
"Z16",736413,9803426,"2007-08-16 12:00:00"
"Z16",737770,9802228,"2007-08-17 00:00:00"
"Z16",737495,9801842,"2007-08-17 12:00:00"
"Z16",737998,9801877,"2007-08-18 00:00:00"
"Z16",732455,9795880,"2007-08-18 12:00:00"
"Z16",731904,9795197,"2007-08-19 12:00:00"
"Z16",731393,9794869,"2007-08-20 00:00:00"
"Z16",728543,9791807,"2007-08-21 00:00:00"
"Z16",728893,9789559,"2007-08-21 12:00:00"
"Z16",727498,9787903,"2007-08-22 00:00:00"
"Z16",729800,9786087,"2007-08-22 12:00:00"
"Z16",729719,9785722,"2007-08-23 00:00:00"
"Z16",730413,9784382,"2007-08-23 12:00:00"
"Z16",729711,9784343,"2007-08-24 00:00:00"
"Z16",729323,9783914,"2007-08-24 12:00:00"
"Z16",729311,9783920,"2007-08-25 00:00:00"
"Z16",729808,9784469,"2007-08-25 12:00:00"
"Z16",729057,9783901,"2007-08-26 00:00:00"
"Z16",728759,9783804,"2007-08-26 12:00:00"
"Z16",728504,9784335,"2007-08-27 00:00:00"
"Z16",728803,9785066,"2007-08-27 12:00:00"
"Z16",728361,9784693,"2007-08-28 00:00:00"
"Z16",728681,9785416,"2007-08-28 12:00:00"
"Z16",728339,9784146,"2007-08-29 00:00:00"
"Z16",726284,9782987,"2007-08-30 00:00:00"
"Z16",728974,9783804,"2007-08-31 00:00:00"
"Z16",730360,9781868,"2007-08-31 12:00:00"
"Z16",730266,9783984,"2007-09-01 00:00:00"
"Z16",729761,9782796,"2007-09-01 12:00:00"
"Z16",727747,9782503,"2007-09-02 00:00:00"
"Z16",725127,9781115,"2007-09-03 00:00:00"
"Z16",726167,9780132,"2007-09-04 00:00:00"
"Z16",725116,9779747,"2007-09-04 12:00:00"
"Z16",725307,9781152,"2007-09-05 00:00:00"
"Z16",726181,9781112,"2007-09-06 12:00:00"
"Z16",728571,9785032,"2007-09-07 00:00:00"
"Z16",724887,9779694,"2007-09-07 12:00:00"
"Z16",725808,9780105,"2007-09-08 00:00:00"
"Z16",728714,9783434,"2007-09-08 12:00:00"
"Z16",729353,9782215,"2007-09-09 00:00:00"
"Z16",727588,9780350,"2007-09-09 12:00:00"
"Z16",727295,9779737,"2007-09-10 00:00:00"
"Z16",727177,9778657,"2007-09-10 12:00:00"
"Z16",726104,9778145,"2007-09-11 00:00:00"
"Z16",730572,9783240,"2007-09-11 12:00:00"
"Z16",730674,9783551,"2007-09-12 00:00:00"
"Z16",727754,9777967,"2007-09-12 12:00:00"
"Z16",728235,9776034,"2007-09-13 00:00:00"
"Z16",726075,9768003,"2007-09-13 12:00:00"
"Z16",729763,9765986,"2007-09-14 00:00:00"
"Z16",729623,9760789,"2007-09-14 12:00:00"
"Z16",730955,9758977,"2007-09-15 00:00:00"
"Z16",735787,9755858,"2007-09-15 12:00:00"
"Z16",738695,9758881,"2007-09-16 00:00:00"
"Z16",740825,9757127,"2007-09-16 12:00:00"
"Z16",744679,9759224,"2007-09-17 00:00:00"
"Z16",740699,9757681,"2007-09-17 12:00:00"
"Z16",741649,9757918,"2007-09-18 00:00:00"
"Z16",740765,9758343,"2007-09-18 12:00:00"
"Z16",741797,9757933,"2007-09-19 00:00:00"
"Z16",739821,9758640,"2007-09-19 12:00:00"
"Z16",741980,9757877,"2007-09-20 00:00:00"
"Z16",739992,9758170,"2007-09-20 12:00:00"
"Z16",740742,9759379,"2007-09-21 00:00:00"
"Z16",741327,9758720,"2007-09-21 12:00:00"
"Z16",741764,9757894,"2007-09-22 00:00:00"
"Z16",739798,9758392,"2007-09-22 12:00:00"
"Z16",741461,9758139,"2007-09-23 00:00:00"
"Z16",740150,9758139,"2007-09-23 12:00:00"
"Z16",741621,9758108,"2007-09-24 00:00:00"
"Z16",740075,9757905,"2007-09-24 12:00:00"
"Z16",741756,9758231,"2007-09-25 00:00:00"
"Z16",741715,9756249,"2007-09-25 12:00:00"
"Z16",741828,9756877,"2007-09-26 00:00:00"
"Z16",741801,9756485,"2007-09-26 12:00:00"
"Z16",741838,9756263,"2007-09-27 00:00:00"
"Z16",741135,9755972,"2007-09-27 12:00:00"
"Z16",742882,9757158,"2007-09-28 00:00:00"
"Z16",743302,9756596,"2007-09-28 12:00:00"
"Z16",742430,9757604,"2007-09-29 00:00:00"
"Z16",741819,9756189,"2007-09-29 12:00:00"
"Z16",742399,9758280,"2007-09-30 00:00:00"
"Z16",742413,9758166,"2007-09-30 12:00:00"
"Z16",743268,9758443,"2007-10-01 00:00:00"
"Z16",743558,9757081,"2007-10-01 12:00:00"
"Z16",741572,9756216,"2007-10-02 12:00:00"
"Z16",739856,9757940,"2007-10-03 12:00:00"
"Z16",741323,9759390,"2007-10-04 00:00:00"
"Z16",739596,9759310,"2007-10-04 12:00:00"
"Z16",738987,9759688,"2007-10-05 00:00:00"
"Z16",743765,9756377,"2007-10-05 12:00:00"
"Z16",745017,9758314,"2007-10-06 00:00:00"
"Z16",746922,9758291,"2007-10-06 12:00:00"
"Z16",746652,9759295,"2007-10-07 00:00:00"
"Z16",747583,9757565,"2007-10-07 12:00:00"
"Z16",744832,9760611,"2007-10-08 00:00:00"
"Z16",743417,9759829,"2007-10-08 12:00:00"
"Z16",743675,9758493,"2007-10-09 00:00:00"
"Z16",741198,9752070,"2007-10-09 12:00:00"
"Z16",740524,9750955,"2007-10-10 00:00:00"
"Z16",735078,9747927,"2007-10-10 12:00:00"
"Z16",723089,9743426,"2007-10-11 00:00:00"
"Z16",724086,9740547,"2007-10-11 12:00:00"
"Z16",724426,9740448,"2007-10-12 00:00:00"
"Z16",723415,9743553,"2007-10-12 12:00:00"
"Z16",720315,9742753,"2007-10-13 00:00:00"
"Z16",720205,9742661,"2007-10-13 12:00:00"
"Z16",719508,9743305,"2007-10-14 00:00:00"
"Z16",717228,9742942,"2007-10-14 12:00:00"
"Z16",715439,9742453,"2007-10-15 00:00:00"
"Z16",716161,9743352,"2007-10-15 12:00:00"
"Z16",715423,9742662,"2007-10-16 00:00:00"
"Z16",714006,9744916,"2007-10-16 12:00:00"
"Z16",713573,9744131,"2007-10-17 00:00:00"
"Z16",713650,9744205,"2007-10-17 12:00:00"
"Z16",713772,9744603,"2007-10-18 00:00:00"
"Z16",713605,9744395,"2007-10-20 00:00:00"
"Z16",714130,9744906,"2007-10-20 12:00:00"
"Z16",708180,9745685,"2007-10-21 00:00:00"
"Z16",706451,9743836,"2007-10-21 12:00:00"
"Z16",701583,9740082,"2007-10-22 00:00:00"
"Z16",702792,9736931,"2007-10-22 12:00:00"
"Z16",703423,9736888,"2007-10-23 00:00:00"
"Z16",702752,9737780,"2007-10-23 12:00:00"
"Z16",699870,9742831,"2007-10-25 00:00:00"
"Z16",700825,9740197,"2007-10-25 12:00:00"
"Z16",699576,9742433,"2007-10-26 00:00:00"
"Z16",699010,9742536,"2007-10-26 12:00:00"
"Z16",699806,9741525,"2007-10-27 00:00:00"
"Z16",701056,9739756,"2007-10-27 12:00:00"
"Z16",700765,9743604,"2007-10-28 00:00:00"
"Z16",700477,9741795,"2007-10-28 12:00:00"
"Z16",700119,9742257,"2007-10-29 00:00:00"
"Z16",703586,9735214,"2007-10-29 12:00:00"
"Z16",703206,9732889,"2007-10-30 00:00:00"
"Z16",703120,9733263,"2007-10-30 12:00:00"
"Z16",702524,9733449,"2007-10-31 00:00:00"
"Z16",704444,9735535,"2007-11-01 12:00:00"
"Z16",704787,9733531,"2007-11-02 00:00:00"
"Z16",705094,9730232,"2007-11-03 00:00:00"
"Z16",704097,9733577,"2007-11-03 12:00:00"
"Z16",702957,9732713,"2007-11-04 00:00:00"
"Z16",700889,9727895,"2007-11-05 12:00:00"
"Z16",703469,9725956,"2007-11-06 00:00:00"
"Z16",702489,9728041,"2007-11-06 12:00:00"
"Z16",703369,9725702,"2007-11-07 00:00:00"
"Z16",703235,9725685,"2007-11-07 12:00:00"
"Z16",703788,9726332,"2007-11-08 00:00:00"
"Z16",687540,9726451,"2007-11-09 00:00:00"
"Z16",688215,9729360,"2007-11-09 12:00:00"
"Z16",687418,9729981,"2007-11-10 00:00:00"
"Z16",688340,9730451,"2007-11-10 12:00:00"
"Z16",688770,9728695,"2007-11-11 00:00:00"
"Z16",691056,9730194,"2007-11-11 12:00:00"
"Z16",697501,9729151,"2007-11-12 00:00:00"
"Z16",697116,9733736,"2007-11-12 12:00:00"
"Z16",696075,9736909,"2007-11-13 00:00:00"
"Z16",693254,9737045,"2007-11-13 12:00:00"
"Z16",695893,9738153,"2007-11-14 00:00:00"
"Z16",702513,9741339,"2007-11-15 00:00:00"
"Z16",701796,9744213,"2007-11-16 00:00:00"
"Z16",706109,9749185,"2007-11-16 12:00:00"
"Z16",712199,9757052,"2007-11-17 00:00:00"
"Z16",710220,9759222,"2007-11-17 12:00:00"
"Z16",710726,9760662,"2007-11-18 00:00:00"
"Z16",712552,9762179,"2007-11-18 12:00:00"
"Z16",710007,9762143,"2007-11-19 00:00:00"
"Z16",709471,9762803,"2007-11-19 12:00:00"
"Z16",706856,9760990,"2007-11-20 00:00:00"
"Z16",707347,9760221,"2007-11-20 12:00:00"
"Z16",707514,9761222,"2007-11-21 00:00:00"
"Z16",707108,9761010,"2007-11-21 12:00:00"
"Z16",705662,9760825,"2007-11-22 00:00:00"
"Z16",700593,9758963,"2007-11-22 12:00:00"
"Z16",700662,9758757,"2007-11-23 00:00:00"
"Z16",699479,9762725,"2007-11-23 12:00:00"
"Z16",699894,9762099,"2007-11-24 12:00:00"
"Z16",699229,9762352,"2007-11-25 00:00:00"
"Z16",697992,9762987,"2007-11-25 12:00:00"
"Z16",700093,9763054,"2007-11-26 00:00:00"
"Z16",691815,9770383,"2007-11-26 12:00:00"
"Z16",693595,9770504,"2007-11-27 00:00:00"
"Z16",691569,9771218,"2007-11-27 12:00:00"
"Z16",693840,9770680,"2007-11-28 00:00:00"
"Z16",688973,9772165,"2007-11-28 12:00:00"
"Z16",691738,9770318,"2007-11-29 00:00:00"
"Z16",691510,9771320,"2007-11-29 12:00:00"
"Z16",693560,9771787,"2007-11-30 00:00:00"
"Z16",692720,9772298,"2007-11-30 12:00:00"
"Z16",692827,9767304,"2007-12-01 00:00:00"
"Z16",692941,9769940,"2007-12-01 12:00:00"
"Z16",696528,9768767,"2007-12-02 00:00:00"
"Z16",698064,9767974,"2007-12-02 12:00:00"
"Z16",695686,9771219,"2007-12-03 00:00:00"
"Z16",697727,9770649,"2007-12-04 12:00:00"
"Z16",697566,9771398,"2007-12-05 00:00:00"
"Z16",698281,9771173,"2007-12-05 12:00:00"
"Z16",697938,9771014,"2007-12-06 00:00:00"
"Z16",693925,9770979,"2007-12-06 12:00:00"
"Z16",699363,9769849,"2007-12-07 00:00:00"
"Z16",701160,9769684,"2007-12-07 12:00:00"
"Z16",700524,9764514,"2007-12-08 12:00:00"
"Z16",701231,9762423,"2007-12-09 00:00:00"
"Z16",703114,9759066,"2007-12-09 12:00:00"
"Z16",705055,9756074,"2007-12-10 12:00:00"
"Z16",707390,9755699,"2007-12-11 00:00:00"
"Z16",706801,9747687,"2007-12-11 12:00:00"
"Z16",705936,9752755,"2007-12-12 00:00:00"
"Z16",712120,9747255,"2007-12-12 12:00:00"
"Z16",715172,9748423,"2007-12-13 00:00:00"
"Z16",716026,9747755,"2007-12-13 12:00:00"
"Z16",716281,9749076,"2007-12-14 00:00:00"
"Z16",725456,9743854,"2007-12-14 12:00:00"
"Z16",727121,9743425,"2007-12-15 00:00:00"
"Z16",731093,9735186,"2007-12-15 12:00:00"
"Z16",730050,9731410,"2007-12-16 00:00:00"
"Z16",726819,9724944,"2007-12-16 12:00:00"
"Z16",728506,9713787,"2007-12-17 00:00:00"
"Z16",728711,9718004,"2007-12-17 12:00:00"
"Z16",728524,9713440,"2007-12-18 00:00:00"
"Z16",727858,9718518,"2007-12-18 12:00:00"
"Z16",728603,9713146,"2007-12-19 00:00:00"
"Z16",725722,9718550,"2007-12-19 12:00:00"
"Z16",728491,9713490,"2007-12-20 00:00:00"
"Z16",724161,9717033,"2007-12-20 12:00:00"
"Z16",727350,9711296,"2007-12-21 00:00:00"
"Z16",725401,9712973,"2007-12-21 12:00:00"
"Z16",727364,9709271,"2007-12-22 00:00:00"
"Z16",727554,9712368,"2007-12-22 12:00:00"
"Z16",729900,9709818,"2007-12-23 00:00:00"
"Z16",727713,9712918,"2007-12-23 12:00:00"
"Z16",728401,9711548,"2007-12-24 00:00:00"
"Z16",728103,9714484,"2007-12-24 12:00:00"
"Z16",730327,9706749,"2007-12-25 00:00:00"
"Z16",729711,9705415,"2007-12-25 12:00:00"
"Z16",728358,9700567,"2007-12-26 00:00:00"
"Z16",726877,9696839,"2007-12-26 12:00:00"
"Z16",726532,9693059,"2007-12-27 00:00:00"
"Z16",724295,9690618,"2007-12-28 00:00:00"
"Z16",724441,9695276,"2007-12-28 12:00:00"
"Z16",723106,9693822,"2007-12-29 00:00:00"
"Z16",720835,9697124,"2007-12-29 12:00:00"
"Z16",721960,9696333,"2007-12-30 00:00:00"
"Z16",718413,9696394,"2007-12-30 12:00:00"
"Z16",718406,9696405,"2007-12-31 00:00:00"
"Z16",716773,9697519,"2007-12-31 12:00:00"
"Z16",717907,9693093,"2008-01-01 00:00:00"
"Z16",709177,9686392,"2008-01-01 12:00:00"
"Z16",707288,9687050,"2008-01-02 00:00:00"
"Z16",706196,9688730,"2008-01-02 12:00:00"
"Z16",704379,9687463,"2008-01-03 00:00:00"
"Z16",705687,9689250,"2008-01-03 12:00:00"
"Z16",701841,9685718,"2008-01-04 00:00:00"
"Z16",705524,9688735,"2008-01-04 12:00:00"
"Z16",703545,9686329,"2008-01-05 00:00:00"
"Z16",704146,9691762,"2008-01-05 12:00:00"
"Z16",700852,9686696,"2008-01-06 00:00:00"
"Z16",704510,9692675,"2008-01-06 12:00:00"
"Z16",703627,9689321,"2008-01-07 00:00:00"
"Z16",703168,9691956,"2008-01-07 12:00:00"
"Z16",702479,9690205,"2008-01-08 00:00:00"
"Z16",705398,9696795,"2008-01-08 12:00:00"
"Z16",707663,9698721,"2008-01-09 00:00:00"
"Z16",711401,9697288,"2008-01-09 12:00:00"
"Z16",711652,9691941,"2008-01-10 00:00:00"
"Z16",702499,9694147,"2008-01-10 12:00:00"
"Z16",701260,9693202,"2008-01-11 00:00:00"
"Z16",701258,9697484,"2008-01-11 12:00:00"
"Z16",700916,9695274,"2008-01-12 00:00:00"
"Z16",704400,9698754,"2008-01-12 12:00:00"
"Z16",706529,9700518,"2008-01-13 00:00:00"
"Z16",704061,9697850,"2008-01-13 12:00:00"
"Z16",707246,9694778,"2008-01-14 00:00:00"
"Z16",706797,9696019,"2008-01-14 12:00:00"
"Z16",710203,9695094,"2008-01-15 00:00:00"
"Z16",711229,9698367,"2008-01-15 12:00:00"
"Z16",715084,9695483,"2008-01-16 00:00:00"
"Z16",719754,9695079,"2008-01-16 12:00:00"
"Z16",723961,9695979,"2008-01-17 00:00:00"
"Z16",726680,9697918,"2008-01-17 12:00:00"
"Z16",729880,9696123,"2008-01-18 00:00:00"
"Z16",729405,9692486,"2008-01-18 12:00:00"
"Z16",726149,9697366,"2008-01-19 00:00:00"
"Z16",727169,9698615,"2008-01-19 12:00:00"
"Z16",729618,9702114,"2008-01-20 00:00:00"
"Z16",729237,9701615,"2008-01-20 12:00:00"
"Z16",728237,9698895,"2008-01-21 00:00:00"
"Z16",712215,9698511,"2008-01-21 12:00:00"
"Z16",714076,9697517,"2008-01-22 00:00:00"
"Z16",719973,9695539,"2008-01-22 12:00:00"
"Z16",720551,9694430,"2008-01-23 00:00:00"
"Z16",722379,9695303,"2008-01-23 12:00:00"
"Z16",724837,9694892,"2008-01-24 00:00:00"
"Z16",727685,9696578,"2008-01-24 12:00:00"
"Z16",727983,9698318,"2008-01-25 00:00:00"
"Z16",729981,9695209,"2008-01-25 12:00:00"
"Z16",726606,9693400,"2008-01-26 00:00:00"
"Z16",724616,9692981,"2008-01-26 12:00:00"
"Z16",724590,9691802,"2008-01-27 00:00:00"
"Z16",724916,9693377,"2008-01-27 12:00:00"
"Z16",728455,9693720,"2008-01-28 00:00:00"
"Z16",725720,9695425,"2008-01-28 12:00:00"
"Z16",725460,9693405,"2008-01-29 00:00:00"
"Z16",727123,9694593,"2008-01-29 12:00:00"
"Z16",708848,9687533,"2008-01-31 00:00:00"
"Z16",708251,9689295,"2008-01-31 12:00:00"
"Z16",711652,9686411,"2008-02-01 00:00:00"
"Z16",711302,9686869,"2008-02-01 12:00:00"
"Z16",714892,9687257,"2008-02-02 00:00:00"
"Z16",714144,9689605,"2008-02-02 12:00:00"
"Z16",718425,9691796,"2008-02-03 00:00:00"
"Z16",710781,9683226,"2008-02-03 12:00:00"
"Z16",710942,9685765,"2008-02-04 00:00:00"
"Z16",705727,9694333,"2008-02-04 12:00:00"
"Z16",712208,9693335,"2008-02-05 00:00:00"
"Z16",721143,9690357,"2008-02-05 12:00:00"
"Z16",723431,9691029,"2008-02-06 00:00:00"
"Z16",717721,9680894,"2008-02-06 12:00:00"
"Z16",717666,9678517,"2008-02-07 00:00:00"
"Z16",722968,9679138,"2008-02-08 00:00:00"
"Z16",726841,9681881,"2008-02-08 12:00:00"
"Z16",728459,9681682,"2008-02-09 00:00:00"
"Z16",734254,9685343,"2008-02-09 12:00:00"
"Z16",727832,9690603,"2008-02-10 00:00:00"
"Z16",731744,9695491,"2008-02-10 12:00:00"
"Z16",729067,9692197,"2008-02-11 00:00:00"
"Z16",728190,9690883,"2008-02-11 12:00:00"
"Z16",726324,9690698,"2008-02-12 00:00:00"
"Z16",724351,9694979,"2008-02-12 12:00:00"
"Z16",726958,9691025,"2008-02-13 00:00:00"
"Z16",727876,9693718,"2008-02-13 12:00:00"
"Z16",729403,9694573,"2008-02-14 00:00:00"
"Z16",730078,9696090,"2008-02-14 12:00:00"
"Z16",729406,9696503,"2008-02-15 00:00:00"
"Z16",731025,9704707,"2008-02-15 12:00:00"
"Z16",728991,9694940,"2008-02-16 00:00:00"
"Z16",728062,9686075,"2008-02-16 12:00:00"
"Z16",719695,9678489,"2008-02-17 00:00:00"
"Z16",715010,9676490,"2008-02-17 12:00:00"
"Z16",716252,9678280,"2008-02-18 00:00:00"
"Z16",715787,9679483,"2008-02-18 12:00:00"
"Z16",717783,9679542,"2008-02-19 00:00:00"
"Z16",719205,9680267,"2008-02-19 12:00:00"
"Z16",718376,9681072,"2008-02-20 00:00:00"
"Z16",718824,9680514,"2008-02-20 12:00:00"
"Z16",717825,9682308,"2008-02-21 00:00:00"
"Z16",714777,9678666,"2008-02-21 12:00:00"
"Z16",717870,9679637,"2008-02-22 00:00:00"
"Z16",721575,9681590,"2008-02-22 12:00:00"
"Z16",720298,9682591,"2008-02-23 00:00:00"
"Z16",708199,9681910,"2008-02-23 12:00:00"
"Z16",704144,9680348,"2008-02-24 00:00:00"
"Z16",700114,9679045,"2008-02-24 12:00:00"
"Z16",696605,9682883,"2008-02-25 00:00:00"
"Z16",695795,9682061,"2008-02-25 12:00:00"
"Z16",694473,9682355,"2008-02-26 00:00:00"
"Z16",693203,9681674,"2008-02-26 12:00:00"
"Z16",697200,9688253,"2008-02-27 00:00:00"
"Z16",704040,9691929,"2008-02-27 12:00:00"
"Z16",699124,9688324,"2008-02-28 00:00:00"
"Z16",705141,9687327,"2008-02-28 12:00:00"
"Z16",701272,9690168,"2008-02-29 00:00:00"
"Z16",703376,9691948,"2008-02-29 12:00:00"
"Z16",702753,9694213,"2008-03-01 00:00:00"
"Z16",703335,9689775,"2008-03-01 12:00:00"
"Z16",701368,9687428,"2008-03-02 00:00:00"
"Z16",705221,9688540,"2008-03-02 12:00:00"
"Z16",701208,9689357,"2008-03-03 00:00:00"
"Z16",702394,9690899,"2008-03-03 12:00:00"
"Z16",697268,9685207,"2008-03-04 00:00:00"
"Z16",696258,9687297,"2008-03-04 12:00:00"
"Z16",695283,9687348,"2008-03-05 00:00:00"
"Z16",696329,9683593,"2008-03-05 12:00:00"
"Z16",696175,9684496,"2008-03-06 00:00:00"
"Z16",696465,9683305,"2008-03-06 12:00:00"
"Z16",696535,9684492,"2008-03-07 00:00:00"
"Z16",695223,9683069,"2008-03-07 12:00:00"
"Z16",695524,9681694,"2008-03-08 00:00:00"
"Z16",694099,9681161,"2008-03-08 12:00:00"
"Z16",693663,9682986,"2008-03-09 00:00:00"
"Z16",692317,9685754,"2008-03-09 12:00:00"
"Z16",691602,9693232,"2008-03-10 00:00:00"
"Z16",698831,9698941,"2008-03-10 12:00:00"
"Z16",696312,9699566,"2008-03-11 00:00:00"
"Z16",697460,9703913,"2008-03-11 12:00:00"
"Z16",695834,9699603,"2008-03-12 00:00:00"
"Z16",695151,9699454,"2008-03-12 12:00:00"
"Z16",696627,9698809,"2008-03-13 00:00:00"
"Z16",694159,9695611,"2008-03-13 12:00:00"
"Z16",697594,9687931,"2008-03-14 00:00:00"
"Z16",699899,9688734,"2008-03-14 12:00:00"
"Z16",697678,9692327,"2008-03-15 00:00:00"
"Z16",697914,9695661,"2008-03-15 12:00:00"
"Z16",695948,9696420,"2008-03-16 00:00:00"
"Z16",697947,9699282,"2008-03-16 12:00:00"
"Z16",694837,9699026,"2008-03-17 00:00:00"
"Z16",697326,9701866,"2008-03-17 12:00:00"
"Z16",698070,9701359,"2008-03-18 00:00:00"
"Z16",699509,9703290,"2008-03-18 12:00:00"
"Z16",702356,9708530,"2008-03-20 12:00:00"
"Z16",707321,9706279,"2008-03-21 00:00:00"
"Z16",726163,9705889,"2008-03-22 12:00:00"
"Z16",727159,9705826,"2008-03-23 00:00:00"
"Z16",727813,9706631,"2008-03-23 12:00:00"
"Z16",728535,9707233,"2008-03-24 00:00:00"
"Z16",729285,9711366,"2008-03-24 12:00:00"
"Z16",729717,9712742,"2008-03-25 00:00:00"
"Z16",730093,9713912,"2008-03-25 12:00:00"
"Z16",730695,9714639,"2008-03-27 00:00:00"
"Z16",730378,9717381,"2008-03-27 12:00:00"
"Z16",733362,9713718,"2008-03-28 00:00:00"
"Z16",732586,9714596,"2008-03-28 12:00:00"
"Z16",732382,9712825,"2008-03-29 00:00:00"
"Z16",731374,9713469,"2008-03-29 12:00:00"
"Z16",729710,9711204,"2008-03-30 00:00:00"
"Z16",727171,9697667,"2008-03-30 12:00:00"
"Z16",725664,9691804,"2008-03-31 00:00:00"
"Z16",719652,9683983,"2008-04-02 00:00:00"
"Z16",710939,9679875,"2008-04-02 12:00:00"
"Z16",702517,9676447,"2008-04-03 00:00:00"
"Z16",700044,9674570,"2008-04-03 12:00:00"
"Z16",700345,9679269,"2008-04-04 00:00:00"
"Z16",699640,9680464,"2008-04-04 12:00:00"
"Z16",699402,9679958,"2008-04-05 00:00:00"
"Z16",699391,9681225,"2008-04-05 12:00:00"
"Z16",700445,9679080,"2008-04-06 00:00:00"
"Z16",699632,9679835,"2008-04-06 12:00:00"
"Z16",699133,9679500,"2008-04-07 00:00:00"
"Z16",698909,9680922,"2008-04-07 12:00:00"
"Z16",697999,9683686,"2008-04-08 12:00:00"
"Z16",696792,9684975,"2008-04-09 00:00:00"
"Z16",696835,9683638,"2008-04-09 12:00:00"
"Z16",697028,9684008,"2008-04-10 00:00:00"
"Z16",697320,9681474,"2008-04-10 12:00:00"
"Z16",699402,9688639,"2008-04-11 00:00:00"
"Z16",698985,9691217,"2008-04-11 12:00:00"
"Z16",699356,9691596,"2008-04-12 00:00:00"
"Z16",701510,9694382,"2008-04-12 12:00:00"
"Z16",699592,9692938,"2008-04-13 00:00:00"
"Z16",702685,9696996,"2008-04-13 12:00:00"
"Z16",702681,9697287,"2008-04-14 00:00:00"
"Z16",709267,9701075,"2008-04-14 12:00:00"
"Z16",707826,9700722,"2008-04-15 00:00:00"
"Z16",711677,9703669,"2008-04-15 12:00:00"
"Z16",710459,9704569,"2008-04-16 00:00:00"
"Z16",711222,9705561,"2008-04-16 12:00:00"
"Z16",709666,9705965,"2008-04-17 00:00:00"
"Z16",706642,9709518,"2008-04-17 12:00:00"
"Z16",706324,9709686,"2008-04-18 00:00:00"
"Z16",709697,9709373,"2008-04-18 12:00:00"
"Z16",711168,9711329,"2008-04-19 00:00:00"
"Z16",711024,9713732,"2008-04-19 12:00:00"
"Z16",710962,9713711,"2008-04-20 00:00:00"
"Z16",709077,9717299,"2008-04-20 12:00:00"
"Z16",705446,9720768,"2008-04-21 00:00:00"
"Z16",704915,9720115,"2008-04-21 12:00:00"
"Z16",707607,9719822,"2008-04-22 00:00:00"
"Z16",705772,9718764,"2008-04-22 12:00:00"
"Z16",709434,9716277,"2008-04-23 00:00:00"
"Z16",712453,9715985,"2008-04-23 12:00:00"
"Z16",711427,9714755,"2008-04-24 00:00:00"
"Z16",725397,9715276,"2008-04-24 12:00:00"
"Z16",727052,9714613,"2008-04-25 00:00:00"
"Z16",726579,9716990,"2008-04-25 12:00:00"
"Z16",727400,9717845,"2008-04-26 00:00:00"
"Z16",727112,9718428,"2008-04-26 12:00:00"
"Z16",729306,9722380,"2008-04-27 00:00:00"
"Z16",729255,9722364,"2008-04-27 12:00:00"
"Z16",729046,9722424,"2008-04-28 00:00:00"
"Z16",726877,9720621,"2008-04-28 12:00:00"
"Z16",723191,9718593,"2008-04-29 00:00:00"
"Z16",722861,9719185,"2008-04-29 12:00:00"
"Z16",722810,9722591,"2008-04-30 00:00:00"
"Z16",721716,9726151,"2008-04-30 12:00:00"
"Z16",721454,9721910,"2008-05-01 00:00:00"
"Z16",721219,9722114,"2008-05-01 12:00:00"
"Z16",724005,9721416,"2008-05-02 00:00:00"
"Z16",725123,9722064,"2008-05-02 12:00:00"
"Z16",723962,9719683,"2008-05-03 00:00:00"
"Z16",724599,9722162,"2008-05-03 12:00:00"
"Z16",724417,9720889,"2008-05-04 00:00:00"
"Z16",720853,9725561,"2008-05-04 12:00:00"
"Z16",721936,9722554,"2008-05-05 00:00:00"
"Z16",722192,9723147,"2008-05-05 12:00:00"
"Z16",722009,9721573,"2008-05-06 00:00:00"
"Z16",721061,9725266,"2008-05-06 12:00:00"
"Z16",720464,9723180,"2008-05-07 00:00:00"
"Z16",715943,9728603,"2008-05-07 12:00:00"
"Z16",716634,9721937,"2008-05-08 00:00:00"
"Z16",716304,9721085,"2008-05-08 12:00:00"
"Z16",706437,9726732,"2008-05-09 00:00:00"
"Z16",701378,9729461,"2008-05-09 12:00:00"
"Z16",702209,9727605,"2008-05-10 00:00:00"
"Z16",701479,9726991,"2008-05-10 12:00:00"
"Z16",702491,9727475,"2008-05-11 00:00:00"
"Z16",702003,9726893,"2008-05-11 12:00:00"
"Z16",701541,9728165,"2008-05-12 12:00:00"
"Z16",702275,9727631,"2008-05-13 00:00:00"
"Z16",702547,9726410,"2008-05-13 12:00:00"
"Z16",702124,9726936,"2008-05-14 00:00:00"
"Z16",700297,9729839,"2008-05-14 12:00:00"
"Z16",702126,9727639,"2008-05-15 00:00:00"
"Z16",702105,9726378,"2008-05-15 12:00:00"
"Z16",702171,9728081,"2008-05-16 00:00:00"
"Z16",697373,9733714,"2008-05-16 12:00:00"
"Z16",696163,9737115,"2008-05-17 00:00:00"
"Z16",699265,9732808,"2008-05-17 12:00:00"
"Z16",696259,9736739,"2008-05-18 00:00:00"
"Z16",698839,9735273,"2008-05-18 12:00:00"
"Z16",698138,9736819,"2008-05-19 00:00:00"
"Z16",704978,9739403,"2008-05-19 12:00:00"
"Z16",711949,9742229,"2008-05-20 12:00:00"
"Z16",712700,9741423,"2008-05-21 00:00:00"
"Z16",714979,9745301,"2008-05-21 12:00:00"
"Z16",719050,9747096,"2008-05-22 00:00:00"
"Z16",720942,9747545,"2008-05-22 12:00:00"
"Z16",731270,9740972,"2008-05-24 12:00:00"
"Z16",730982,9747779,"2008-05-25 00:00:00"
"Z16",734020,9764102,"2008-05-25 12:00:00"
"Z16",743069,9773344,"2008-05-26 00:00:00"
"Z16",741680,9774040,"2008-05-26 12:00:00"
"Z16",741189,9775952,"2008-05-27 00:00:00"
"Z16",740290,9777236,"2008-05-27 12:00:00"
"Z16",740794,9777784,"2008-05-28 00:00:00"
"Z16",739267,9778767,"2008-05-28 12:00:00"
"Z16",737754,9779402,"2008-05-29 00:00:00"
"Z16",739231,9781521,"2008-05-29 12:00:00"
"Z16",739602,9785068,"2008-05-30 00:00:00"
"Z16",743069,9791415,"2008-05-30 12:00:00"
"Z16",741788,9793754,"2008-05-31 00:00:00"
"Z16",741580,9792342,"2008-05-31 12:00:00"
"Z16",743642,9791182,"2008-06-01 00:00:00"
"Z16",741464,9800598,"2008-06-01 12:00:00"
"Z16",738824,9801570,"2008-06-02 00:00:00"
"Z16",737270,9804722,"2008-06-02 12:00:00"
"Z16",738652,9804485,"2008-06-03 00:00:00"
"Z16",738275,9804246,"2008-06-03 12:00:00"
"Z16",738677,9804739,"2008-06-04 00:00:00"
"Z16",739083,9809540,"2008-06-04 12:00:00"
"Z16",739811,9812487,"2008-06-05 00:00:00"
"Z16",741657,9817541,"2008-06-05 12:00:00"
"Z16",741227,9815275,"2008-06-06 00:00:00"
"Z16",738849,9815949,"2008-06-06 12:00:00"
"Z16",737472,9812412,"2008-06-07 00:00:00"
"Z16",737554,9813158,"2008-06-07 12:00:00"
"Z16",737254,9812160,"2008-06-08 00:00:00"
"Z16",737455,9811849,"2008-06-08 12:00:00"
"Z16",736379,9812370,"2008-06-09 00:00:00"
"Z16",738625,9810259,"2008-06-09 12:00:00"
"Z16",742233,9807108,"2008-06-10 00:00:00"
"Z16",741627,9801328,"2008-06-10 12:00:00"
"Z16",740283,9800116,"2008-06-11 00:00:00"
"Z16",737607,9802056,"2008-06-11 12:00:00"
"Z16",734986,9801794,"2008-06-12 00:00:00"
"Z16",736996,9802412,"2008-06-12 12:00:00"
"Z16",739383,9802389,"2008-06-15 00:00:00"
"Z16",738189,9796869,"2008-06-16 00:00:00"
"Z16",738717,9798207,"2008-06-16 12:00:00"
"Z16",736056,9799643,"2008-06-17 00:00:00"
"Z16",736786,9800980,"2008-06-17 12:00:00"
"Z16",736427,9799933,"2008-06-18 00:00:00"
"Z16",736764,9800700,"2008-06-19 00:00:00"
"Z16",736667,9800924,"2008-06-19 12:00:00"
"Z16",731371,9800989,"2008-06-20 00:00:00"
"Z16",732579,9800980,"2008-06-20 12:00:00"
"Z16",731996,9800027,"2008-06-21 00:00:00"
"Z16",733255,9799610,"2008-06-21 12:00:00"
"Z16",734438,9798659,"2008-06-22 00:00:00"
"Z16",733480,9799707,"2008-06-23 00:00:00"
"Z16",735250,9799541,"2008-06-23 12:00:00"
"Z16",735776,9797262,"2008-06-24 00:00:00"
"Z16",732933,9799432,"2008-06-24 12:00:00"
"Z16",732186,9801654,"2008-06-25 00:00:00"
"Z16",733831,9801510,"2008-06-25 12:00:00"
"Z16",733049,9800003,"2008-06-26 00:00:00"
"Z16",733996,9801041,"2008-06-26 12:00:00"
"Z16",734306,9801115,"2008-06-27 00:00:00"
"Z16",736124,9805634,"2008-06-27 12:00:00"
"Z16",737853,9806373,"2008-06-28 00:00:00"
"Z16",738077,9816806,"2008-06-29 12:00:00"
"Z16",738312,9818346,"2008-06-30 00:00:00"
"Z16",737294,9815758,"2008-06-30 12:00:00"
"Z16",737265,9815652,"2008-07-01 00:00:00"
"Z16",737267,9815423,"2008-07-02 00:00:00"
"Z16",737117,9815406,"2008-07-02 12:00:00"
"Z16",737106,9815169,"2008-07-03 00:00:00"
"Z16",736493,9807563,"2008-07-03 12:00:00"
"Z16",735943,9809012,"2008-07-04 00:00:00"
"Z16",735255,9804878,"2008-07-06 12:00:00"
"Z16",735018,9805366,"2008-07-07 00:00:00"
"Z16",736886,9804720,"2008-07-07 12:00:00"
"Z16",735105,9805636,"2008-07-08 00:00:00"
"Z16",735026,9807129,"2008-07-08 12:00:00"
"Z16",736117,9806884,"2008-07-09 00:00:00"
"Z16",735005,9806692,"2008-07-10 00:00:00"
"Z16",734480,9807331,"2008-07-10 12:00:00"
"Z16",734321,9807092,"2008-07-11 00:00:00"
"Z16",735904,9806806,"2008-07-11 12:00:00"
"Z16",734312,9806983,"2008-07-12 00:00:00"
"Z16",734951,9806674,"2008-07-12 12:00:00"
"Z16",735331,9807033,"2008-07-13 00:00:00"
"Z16",735465,9795518,"2008-07-13 12:00:00"
"Z16",738037,9790070,"2008-07-14 12:00:00"
"Z16",736231,9788041,"2008-07-15 00:00:00"
"Z16",737868,9786577,"2008-07-15 12:00:00"
"Z16",737349,9783856,"2008-07-16 00:00:00"
"Z16",735968,9780227,"2008-07-16 12:00:00"
"Z16",732603,9771234,"2008-07-17 12:00:00"
"Z16",728883,9766106,"2008-07-18 00:00:00"
"Z16",726954,9766833,"2008-07-18 12:00:00"
"Z16",728146,9768538,"2008-07-19 00:00:00"
"Z16",727417,9770422,"2008-07-19 12:00:00"
"Z16",729657,9771191,"2008-07-20 00:00:00"
"Z16",727532,9770565,"2008-07-20 12:00:00"
"Z16",728750,9766090,"2008-07-21 00:00:00"
"Z16",725729,9766933,"2008-07-21 12:00:00"
"Z16",728194,9766254,"2008-07-22 00:00:00"
"Z16",727717,9768060,"2008-07-23 12:00:00"
"Z16",723871,9770920,"2008-07-27 00:00:00"
"Z16",721596,9771001,"2008-07-28 00:00:00"
"Z16",721366,9770776,"2008-07-30 12:00:00"
"Z16",720643,9772155,"2008-07-31 00:00:00"
"Z16",731512,9776276,"2008-07-31 12:00:00"
"Z16",728011,9775082,"2008-08-01 00:00:00"
"Z16",728468,9765948,"2008-08-01 12:00:00"
"Z16",727326,9768249,"2008-08-02 00:00:00"
"Z16",723691,9773703,"2008-08-03 00:00:00"
"Z16",726218,9775177,"2008-08-03 12:00:00"
"Z16",726689,9777993,"2008-08-04 00:00:00"
"Z16",724778,9783793,"2008-08-04 12:00:00"
"Z16",725662,9786393,"2008-08-05 00:00:00"
"Z16",725576,9785946,"2008-08-06 00:00:00"
"Z16",725340,9785164,"2008-08-06 12:00:00"
"Z16",725100,9791600,"2008-08-07 12:00:00"
"Z16",720635,9790324,"2008-08-08 00:00:00"
"Z16",717185,9790731,"2008-08-08 12:00:00"
"Z16",718880,9791334,"2008-08-09 00:00:00"
"Z16",718689,9792100,"2008-08-09 12:00:00"
"Z16",718713,9789702,"2008-08-10 12:00:00"
"Z16",717691,9790288,"2008-08-11 00:00:00"
"Z16",719536,9791562,"2008-08-11 12:00:00"
"Z16",718597,9791677,"2008-08-12 00:00:00"
"Z16",719282,9791406,"2008-08-12 12:00:00"
"Z16",718219,9793060,"2008-08-13 00:00:00"
"Z16",717421,9794567,"2008-08-13 12:00:00"
"Z16",717187,9792131,"2008-08-14 00:00:00"
"Z16",719527,9791562,"2008-08-14 12:00:00"
"Z16",720066,9791333,"2008-08-15 00:00:00"
"Z16",725085,9787741,"2008-08-15 12:00:00"
"Z16",720993,9790870,"2008-08-16 00:00:00"
"Z16",720058,9792225,"2008-08-17 00:00:00"
"Z16",719321,9791095,"2008-08-17 12:00:00"
"Z16",717305,9784605,"2008-08-18 00:00:00"
"Z16",727786,9784560,"2008-08-18 12:00:00"
"Z16",721888,9778529,"2008-08-19 00:00:00"
"Z16",717379,9774216,"2008-08-19 12:00:00"
"Z16",709945,9780392,"2008-08-20 00:00:00"
"Z16",710762,9780787,"2008-08-20 12:00:00"
"Z16",707817,9786584,"2008-08-21 00:00:00"
"Z16",711350,9789292,"2008-08-22 00:00:00"
"Z16",711321,9793244,"2008-08-22 12:00:00"
"Z16",715910,9795025,"2008-08-23 00:00:00"
"Z16",716400,9793648,"2008-08-23 12:00:00"
"Z16",719554,9793912,"2008-08-24 00:00:00"
"Z16",719470,9794155,"2008-08-24 12:00:00"
"Z16",719729,9794474,"2008-08-25 00:00:00"
"Z16",721200,9796870,"2008-08-25 12:00:00"
"Z16",719791,9795526,"2008-08-26 00:00:00"
"Z16",718507,9794584,"2008-08-26 12:00:00"
"Z16",718606,9794515,"2008-08-27 00:00:00"
"Z16",720338,9791156,"2008-08-27 12:00:00"
"Z16",721115,9790687,"2008-08-28 00:00:00"
"Z16",724353,9788492,"2008-08-28 12:00:00"
"Z16",717668,9769396,"2008-08-31 00:00:00"
"Z16",704736,9761817,"2008-09-02 00:00:00"
"Z16",705723,9761238,"2008-09-02 12:00:00"
"Z16",705360,9758688,"2008-09-03 00:00:00"
"Z16",709183,9762619,"2008-09-03 12:00:00"
"Z16",706915,9762007,"2008-09-04 00:00:00"
"Z16",701509,9772330,"2008-09-04 12:00:00"
"Z16",701062,9770948,"2008-09-05 00:00:00"
"Z16",690867,9770825,"2008-09-07 00:00:00"
"Z16",692497,9771330,"2008-09-07 12:00:00"
"Z16",694007,9774477,"2008-09-08 00:00:00"
"Z16",693292,9774292,"2008-09-08 12:00:00"
"Z16",694423,9773933,"2008-09-09 00:00:00"
"Z16",693384,9772476,"2008-09-09 12:00:00"
"Z16",694887,9773028,"2008-09-10 00:00:00"
"Z16",694965,9772520,"2008-09-10 12:00:00"
"Z16",695041,9772779,"2008-09-11 00:00:00"
"Z16",694670,9772486,"2008-09-11 12:00:00"
"Z16",694992,9772573,"2008-09-12 00:00:00"
"Z16",694974,9773053,"2008-09-13 00:00:00"
"Z16",697698,9770801,"2008-09-13 12:00:00"
"Z16",705921,9763068,"2008-09-14 00:00:00"
"Z16",707852,9763101,"2008-09-14 12:00:00"
"Z16",702482,9749969,"2008-09-15 00:00:00"
"Z16",707009,9745789,"2008-09-15 12:00:00"
"Z16",708973,9745318,"2008-09-16 00:00:00"
"Z16",711126,9744765,"2008-09-16 12:00:00"
"Z16",712518,9744456,"2008-09-17 00:00:00"
"Z16",713826,9735769,"2008-09-18 00:00:00"
"Z16",713302,9728687,"2008-09-18 12:00:00"
"Z16",714098,9730342,"2008-09-19 00:00:00"
"Z16",713832,9730259,"2008-09-19 12:00:00"
"Z16",711855,9728144,"2008-09-20 00:00:00"
"Z16",707394,9729872,"2008-09-20 12:00:00"
"Z16",705335,9729180,"2008-09-21 00:00:00"
"Z16",700048,9730053,"2008-09-21 12:00:00"
"Z16",703975,9728738,"2008-09-22 00:00:00"
"Z16",703464,9729655,"2008-09-22 12:00:00"
"Z16",704097,9728743,"2008-09-23 00:00:00"
"Z16",692376,9727430,"2008-09-23 12:00:00"
"Z16",692084,9727373,"2008-09-24 00:00:00"
"Z16",689331,9729174,"2008-09-24 12:00:00"
"Z16",688378,9727656,"2008-09-25 00:00:00"
"Z16",689290,9728517,"2008-09-25 12:00:00"
"Z16",687917,9727537,"2008-09-26 00:00:00"
"Z16",684278,9722819,"2008-09-26 12:00:00"
"Z16",683071,9723574,"2008-09-27 00:00:00"
"Z16",682757,9718495,"2008-09-27 12:00:00"
"Z16",683203,9717841,"2008-09-28 00:00:00"
"Z16",681841,9720003,"2008-09-28 12:00:00"
"Z16",683604,9719676,"2008-09-29 00:00:00"
"Z16",680651,9720252,"2008-09-29 12:00:00"
"Z16",681546,9725717,"2008-09-30 00:00:00"
"Z16",681697,9726722,"2008-09-30 12:00:00"
"Z16",682362,9726584,"2008-10-01 00:00:00"
"Z16",701048,9714238,"2008-10-07 00:00:00"
"Z16",699020,9715555,"2008-10-07 12:00:00"
"Z16",700467,9713850,"2008-10-08 00:00:00"
"Z16",696475,9717696,"2008-10-08 12:00:00"
"Z16",692300,9721112,"2008-10-09 00:00:00"
"Z16",683415,9719348,"2008-10-09 12:00:00"
"Z16",685628,9719005,"2008-10-10 00:00:00"
"Z16",683581,9719083,"2008-10-10 12:00:00"
"Z16",686929,9719466,"2008-10-11 00:00:00"
"Z16",682230,9718871,"2008-10-11 12:00:00"
"Z16",688361,9720126,"2008-10-12 00:00:00"
"Z16",688834,9720362,"2008-10-12 12:00:00"
"Z16",692101,9722567,"2008-10-13 00:00:00"
"Z16",695273,9725252,"2008-10-13 12:00:00"
"Z16",697407,9728301,"2008-10-14 00:00:00"
"Z16",698952,9728122,"2008-10-14 12:00:00"
"Z16",697330,9729612,"2008-10-15 00:00:00"
"Z16",694583,9733209,"2008-10-15 12:00:00"
"Z16",697461,9728066,"2008-10-16 00:00:00"
"Z16",697418,9728165,"2008-10-16 12:00:00"
"Z16",697485,9726288,"2008-10-17 00:00:00"
"Z16",695891,9730053,"2008-10-17 12:00:00"
"Z16",692831,9728371,"2008-10-18 12:00:00"
"Z16",693147,9726549,"2008-10-19 00:00:00"
"Z16",698969,9722449,"2008-10-19 12:00:00"
"Z16",700249,9720428,"2008-10-20 00:00:00"
"Z16",701428,9721740,"2008-10-20 12:00:00"
"Z16",701540,9721246,"2008-10-21 00:00:00"
"Z16",701735,9717829,"2008-10-21 12:00:00"
"Z16",701144,9717010,"2008-10-22 00:00:00"
"Z16",703458,9715540,"2008-10-22 12:00:00"
"Z16",704188,9713642,"2008-10-23 00:00:00"
"Z16",704237,9710275,"2008-10-23 12:00:00"
"Z16",703671,9712699,"2008-10-24 00:00:00"
"Z16",700500,9711272,"2008-10-24 12:00:00"
"Z16",699331,9712514,"2008-10-25 00:00:00"
"Z16",704300,9704983,"2008-10-26 00:00:00"
"Z16",709412,9703680,"2008-10-26 12:00:00"
"Z16",708971,9707241,"2008-10-27 00:00:00"
"Z16",711222,9711437,"2008-10-27 12:00:00"
"Z16",712955,9713039,"2008-10-28 00:00:00"
"Z16",715247,9715838,"2008-10-28 12:00:00"
"Z16",715515,9721253,"2008-10-29 00:00:00"
"Z16",713370,9721666,"2008-10-29 12:00:00"
"Z16",713971,9723721,"2008-10-30 00:00:00"
"Z16",713617,9730362,"2008-10-30 12:00:00"
"Z16",711526,9731053,"2008-10-31 12:00:00"
"Z16",707541,9728993,"2008-11-01 00:00:00"
"Z16",706158,9730277,"2008-11-01 12:00:00"
"Z16",708480,9730829,"2008-11-02 00:00:00"
"Z16",710117,9734541,"2008-11-02 12:00:00"
"Z16",708233,9734401,"2008-11-03 00:00:00"
"Z16",706968,9736103,"2008-11-03 12:00:00"
"Z16",706340,9735746,"2008-11-04 00:00:00"
"Z16",703213,9736658,"2008-11-04 12:00:00"
"Z16",704470,9737922,"2008-11-05 00:00:00"
"Z16",704159,9740780,"2008-11-05 12:00:00"
"Z16",702560,9741162,"2008-11-06 00:00:00"
"Z16",705108,9742093,"2008-11-06 12:00:00"
"Z16",704088,9741049,"2008-11-07 00:00:00"
"Z16",705075,9740572,"2008-11-07 12:00:00"
"Z16",702361,9739844,"2008-11-08 00:00:00"
"Z16",719221,9719208,"2008-11-08 12:00:00"
"Z16",725046,9714318,"2008-11-09 00:00:00"
"Z16",726232,9713084,"2008-11-09 12:00:00"
"Z16",726191,9713705,"2008-11-10 00:00:00"
"Z16",730277,9706857,"2008-11-10 12:00:00"
"Z16",729539,9708106,"2008-11-11 00:00:00"
"Z16",731601,9701659,"2008-11-12 00:00:00"
"Z16",730176,9698703,"2008-11-12 12:00:00"
"Z16",729904,9698444,"2008-11-13 00:00:00"
"Z16",726316,9693709,"2008-11-13 12:00:00"
"Z16",723703,9692789,"2008-11-14 00:00:00"
"Z16",721262,9689874,"2008-11-14 12:00:00"
"Z16",721273,9691134,"2008-11-15 00:00:00"
"Z16",721753,9686573,"2008-11-15 12:00:00"
"Z16",718840,9686530,"2008-11-16 00:00:00"
"Z16",715014,9683993,"2008-11-16 12:00:00"
"Z16",716015,9684798,"2008-11-17 00:00:00"
"Z16",707049,9689844,"2008-11-18 00:00:00"
"Z16",703166,9690129,"2008-11-18 12:00:00"
"Z16",701398,9691164,"2008-11-19 00:00:00"
"Z16",699273,9690244,"2008-11-19 12:00:00"
"Z16",697706,9692944,"2008-11-20 00:00:00"
"Z16",700421,9694776,"2008-11-20 12:00:00"
"Z16",700333,9696710,"2008-11-21 00:00:00"
"Z16",699947,9697150,"2008-11-21 12:00:00"
"Z16",697643,9698511,"2008-11-22 00:00:00"
"Z16",698373,9699313,"2008-11-22 12:00:00"
"Z16",696528,9691421,"2008-11-23 00:00:00"
"Z16",695083,9699168,"2008-11-23 12:00:00"
"Z16",694072,9694060,"2008-11-24 00:00:00"
"Z16",696866,9702762,"2008-11-24 12:00:00"
"Z16",698477,9703347,"2008-11-25 00:00:00"
"Z16",701323,9703791,"2008-11-25 12:00:00"
"Z16",703273,9706962,"2008-11-26 00:00:00"
"Z16",701624,9707989,"2008-11-26 12:00:00"
"Z16",703409,9706559,"2008-11-27 00:00:00"
"Z16",710182,9703305,"2008-11-28 12:00:00"
"Z16",722565,9701763,"2008-11-29 00:00:00"
"Z16",727821,9701139,"2008-11-30 00:00:00"
"Z16",727657,9703239,"2008-11-30 12:00:00"
"Z16",726995,9703070,"2008-12-01 00:00:00"
"Z16",723393,9705344,"2008-12-01 12:00:00"
"Z16",723147,9705927,"2008-12-02 00:00:00"
"Z16",717488,9706330,"2008-12-02 12:00:00"
"Z16",718078,9701303,"2008-12-03 00:00:00"
"Z16",714169,9699662,"2008-12-03 12:00:00"
"Z16",717479,9699704,"2008-12-04 00:00:00"
"Z16",716157,9700299,"2008-12-04 12:00:00"
"Z16",717220,9699038,"2008-12-05 00:00:00"
